source,author,title,description,url,published_at,content
The Verge,James Wilson,Machine learning model achieves human-level performance - Study 1,This innovative development represents a significant advancement in artificial intelligence. Experts are optimistic about the potential applications. Machine learning model achieves human-level performance,https://example.com/article-1,2026-01-24T04:40:22Z,This innovative development represents a significant advancement in artificial intelligence. Experts are optimistic about the potential applications. Machine learning model achieves human-level performance [+2000 chars]
Ars Technica,Emma Williams,ML algorithm predicts climate patterns with high accuracy - Study 2,This innovative development represents a significant advancement in artificial intelligence. Experts are optimistic about the potential applications. ML algorithm predicts climate patterns with high accuracy,https://example.com/article-2,2026-01-28T04:40:22Z,This innovative development represents a significant advancement in artificial intelligence. Experts are optimistic about the potential applications. ML algorithm predicts climate patterns with high accuracy [+2000 chars]
TechCrunch,John Smith,New AI system helps doctors diagnose diseases earlier - Study 3,This innovative development represents a significant advancement in artificial intelligence. Experts are optimistic about the potential applications. New AI system helps doctors diagnose diseases earlier,https://example.com/article-3,2026-01-22T04:40:22Z,This innovative development represents a significant advancement in artificial intelligence. Experts are optimistic about the potential applications. New AI system helps doctors diagnose diseases earlier [+2000 chars]
MIT Technology Review,Unknown,Industry report analyzes machine learning adoption rates - Study 4,"According to the latest report, this development in AI and machine learning is being closely monitored by industry observers. Industry report analyzes machine learning adoption rates",https://example.com/article-4,2026-01-26T04:40:22Z,"According to the latest report, this development in AI and machine learning is being closely monitored by industry observers. Industry report analyzes machine learning adoption rates [+2000 chars]"
MIT Technology Review,James Wilson,ML algorithm predicts climate patterns with high accuracy - Study 5,This innovative development represents a significant advancement in artificial intelligence. Experts are optimistic about the potential applications. ML algorithm predicts climate patterns with high accuracy,https://example.com/article-5,2026-01-25T04:40:22Z,This innovative development represents a significant advancement in artificial intelligence. Experts are optimistic about the potential applications. ML algorithm predicts climate patterns with high accuracy [+2000 chars]
Ars Technica,Lisa Garcia,Privacy advocates raise alarms about facial recognition - Study 6,Recent developments raise important questions about the implementation of AI technology. Stakeholders express concerns about potential risks. Privacy advocates raise alarms about facial recognition,https://example.com/article-6,2026-01-24T04:40:22Z,Recent developments raise important questions about the implementation of AI technology. Stakeholders express concerns about potential risks. Privacy advocates raise alarms about facial recognition [+2000 chars]
MIT Technology Review,Emma Williams,Privacy advocates raise alarms about facial recognition - Study 7,Recent developments raise important questions about the implementation of AI technology. Stakeholders express concerns about potential risks. Privacy advocates raise alarms about facial recognition,https://example.com/article-7,2026-01-26T04:40:22Z,Recent developments raise important questions about the implementation of AI technology. Stakeholders express concerns about potential risks. Privacy advocates raise alarms about facial recognition [+2000 chars]
Forbes Tech,Unknown,Industry report analyzes machine learning adoption rates - Study 8,"According to the latest report, this development in AI and machine learning is being closely monitored by industry observers. Industry report analyzes machine learning adoption rates",https://example.com/article-8,2026-01-28T04:40:22Z,"According to the latest report, this development in AI and machine learning is being closely monitored by industry observers. Industry report analyzes machine learning adoption rates [+2000 chars]"
MIT Technology Review,Unknown,ML algorithm predicts climate patterns with high accuracy - Study 9,This innovative development represents a significant advancement in artificial intelligence. Experts are optimistic about the potential applications. ML algorithm predicts climate patterns with high accuracy,https://example.com/article-9,2026-01-28T04:40:22Z,This innovative development represents a significant advancement in artificial intelligence. Experts are optimistic about the potential applications. ML algorithm predicts climate patterns with high accuracy [+2000 chars]
AI News,David Brown,AI breakthrough enables faster drug discovery - Study 10,This innovative development represents a significant advancement in artificial intelligence. Experts are optimistic about the potential applications. AI breakthrough enables faster drug discovery,https://example.com/article-10,2026-01-22T04:40:22Z,This innovative development represents a significant advancement in artificial intelligence. Experts are optimistic about the potential applications. AI breakthrough enables faster drug discovery [+2000 chars]
TechCrunch,Michael Chen,Privacy advocates raise alarms about facial recognition - Study 11,Recent developments raise important questions about the implementation of AI technology. Stakeholders express concerns about potential risks. Privacy advocates raise alarms about facial recognition,https://example.com/article-11,2026-01-25T04:40:22Z,Recent developments raise important questions about the implementation of AI technology. Stakeholders express concerns about potential risks. Privacy advocates raise alarms about facial recognition [+2000 chars]
The Verge,Emma Williams,Tech company releases new AI research paper - Study 12,"According to the latest report, this development in AI and machine learning is being closely monitored by industry observers. Tech company releases new AI research paper",https://example.com/article-12,2026-01-25T04:40:22Z,"According to the latest report, this development in AI and machine learning is being closely monitored by industry observers. Tech company releases new AI research paper [+2000 chars]"
AI News,Lisa Garcia,Concerns grow over deepfake technology misuse - Study 13,Recent developments raise important questions about the implementation of AI technology. Stakeholders express concerns about potential risks. Concerns grow over deepfake technology misuse,https://example.com/article-13,2026-01-23T04:40:22Z,Recent developments raise important questions about the implementation of AI technology. Stakeholders express concerns about potential risks. Concerns grow over deepfake technology misuse [+2000 chars]
MIT Technology Review,Sarah Johnson,Artificial intelligence boosts renewable energy efficiency - Study 14,This innovative development represents a significant advancement in artificial intelligence. Experts are optimistic about the potential applications. Artificial intelligence boosts renewable energy efficiency,https://example.com/article-14,2026-01-25T04:40:22Z,This innovative development represents a significant advancement in artificial intelligence. Experts are optimistic about the potential applications. Artificial intelligence boosts renewable energy efficiency [+2000 chars]
AI News,Michael Chen,Machine learning model fails safety tests - Study 15,Recent developments raise important questions about the implementation of AI technology. Stakeholders express concerns about potential risks. Machine learning model fails safety tests,https://example.com/article-15,2026-01-22T04:40:22Z,Recent developments raise important questions about the implementation of AI technology. Stakeholders express concerns about potential risks. Machine learning model fails safety tests [+2000 chars]
The Verge,Unknown,Artificial intelligence boosts renewable energy efficiency - Study 16,This innovative development represents a significant advancement in artificial intelligence. Experts are optimistic about the potential applications. Artificial intelligence boosts renewable energy efficiency,https://example.com/article-16,2026-01-25T04:40:22Z,This innovative development represents a significant advancement in artificial intelligence. Experts are optimistic about the potential applications. Artificial intelligence boosts renewable energy efficiency [+2000 chars]
Wired,Emma Williams,Concerns grow over deepfake technology misuse - Study 17,Recent developments raise important questions about the implementation of AI technology. Stakeholders express concerns about potential risks. Concerns grow over deepfake technology misuse,https://example.com/article-17,2026-01-24T04:40:22Z,Recent developments raise important questions about the implementation of AI technology. Stakeholders express concerns about potential risks. Concerns grow over deepfake technology misuse [+2000 chars]
Wired,James Wilson,Artificial intelligence boosts renewable energy efficiency - Study 18,This innovative development represents a significant advancement in artificial intelligence. Experts are optimistic about the potential applications. Artificial intelligence boosts renewable energy efficiency,https://example.com/article-18,2026-01-24T04:40:22Z,This innovative development represents a significant advancement in artificial intelligence. Experts are optimistic about the potential applications. Artificial intelligence boosts renewable energy efficiency [+2000 chars]
MIT Technology Review,John Smith,Artificial intelligence boosts renewable energy efficiency - Study 19,This innovative development represents a significant advancement in artificial intelligence. Experts are optimistic about the potential applications. Artificial intelligence boosts renewable energy efficiency,https://example.com/article-19,2026-01-28T04:40:22Z,This innovative development represents a significant advancement in artificial intelligence. Experts are optimistic about the potential applications. Artificial intelligence boosts renewable energy efficiency [+2000 chars]
The Verge,Emma Williams,ML algorithm predicts climate patterns with high accuracy - Study 20,This innovative development represents a significant advancement in artificial intelligence. Experts are optimistic about the potential applications. ML algorithm predicts climate patterns with high accuracy,https://example.com/article-20,2026-01-22T04:40:22Z,This innovative development represents a significant advancement in artificial intelligence. Experts are optimistic about the potential applications. ML algorithm predicts climate patterns with high accuracy [+2000 chars]
MIT Technology Review,Lisa Garcia,AI breakthrough enables faster drug discovery - Study 21,This innovative development represents a significant advancement in artificial intelligence. Experts are optimistic about the potential applications. AI breakthrough enables faster drug discovery,https://example.com/article-21,2026-01-22T04:40:22Z,This innovative development represents a significant advancement in artificial intelligence. Experts are optimistic about the potential applications. AI breakthrough enables faster drug discovery [+2000 chars]
VentureBeat,David Brown,Industry report analyzes machine learning adoption rates - Study 22,"According to the latest report, this development in AI and machine learning is being closely monitored by industry observers. Industry report analyzes machine learning adoption rates",https://example.com/article-22,2026-01-24T04:40:22Z,"According to the latest report, this development in AI and machine learning is being closely monitored by industry observers. Industry report analyzes machine learning adoption rates [+2000 chars]"
Forbes Tech,Emma Williams,Tech company releases new AI research paper - Study 23,"According to the latest report, this development in AI and machine learning is being closely monitored by industry observers. Tech company releases new AI research paper",https://example.com/article-23,2026-01-23T04:40:22Z,"According to the latest report, this development in AI and machine learning is being closely monitored by industry observers. Tech company releases new AI research paper [+2000 chars]"
The Verge,Michael Chen,AI breakthrough enables faster drug discovery - Study 24,This innovative development represents a significant advancement in artificial intelligence. Experts are optimistic about the potential applications. AI breakthrough enables faster drug discovery,https://example.com/article-24,2026-01-26T04:40:22Z,This innovative development represents a significant advancement in artificial intelligence. Experts are optimistic about the potential applications. AI breakthrough enables faster drug discovery [+2000 chars]
Wired,David Brown,Privacy advocates raise alarms about facial recognition - Study 25,Recent developments raise important questions about the implementation of AI technology. Stakeholders express concerns about potential risks. Privacy advocates raise alarms about facial recognition,https://example.com/article-25,2026-01-23T04:40:22Z,Recent developments raise important questions about the implementation of AI technology. Stakeholders express concerns about potential risks. Privacy advocates raise alarms about facial recognition [+2000 chars]
TechCrunch,Unknown,Researchers present findings on neural network architectures - Study 26,"According to the latest report, this development in AI and machine learning is being closely monitored by industry observers. Researchers present findings on neural network architectures",https://example.com/article-26,2026-01-28T04:40:22Z,"According to the latest report, this development in AI and machine learning is being closely monitored by industry observers. Researchers present findings on neural network architectures [+2000 chars]"
The Verge,James Wilson,Critics warn of job losses due to AI automation - Study 27,Recent developments raise important questions about the implementation of AI technology. Stakeholders express concerns about potential risks. Critics warn of job losses due to AI automation,https://example.com/article-27,2026-01-26T04:40:22Z,Recent developments raise important questions about the implementation of AI technology. Stakeholders express concerns about potential risks. Critics warn of job losses due to AI automation [+2000 chars]
AI News,Unknown,Researchers present findings on neural network architectures - Study 28,"According to the latest report, this development in AI and machine learning is being closely monitored by industry observers. Researchers present findings on neural network architectures",https://example.com/article-28,2026-01-23T04:40:22Z,"According to the latest report, this development in AI and machine learning is being closely monitored by industry observers. Researchers present findings on neural network architectures [+2000 chars]"
Ars Technica,Emma Williams,Study examines impact of automation on workforce - Study 29,"According to the latest report, this development in AI and machine learning is being closely monitored by industry observers. Study examines impact of automation on workforce",https://example.com/article-29,2026-01-22T04:40:22Z,"According to the latest report, this development in AI and machine learning is being closely monitored by industry observers. Study examines impact of automation on workforce [+2000 chars]"
VentureBeat,Michael Chen,Artificial intelligence boosts renewable energy efficiency - Study 30,This innovative development represents a significant advancement in artificial intelligence. Experts are optimistic about the potential applications. Artificial intelligence boosts renewable energy efficiency,https://example.com/article-30,2026-01-28T04:40:22Z,This innovative development represents a significant advancement in artificial intelligence. Experts are optimistic about the potential applications. Artificial intelligence boosts renewable energy efficiency [+2000 chars]
AI News,Emma Williams,AI breakthrough enables faster drug discovery - Study 31,This innovative development represents a significant advancement in artificial intelligence. Experts are optimistic about the potential applications. AI breakthrough enables faster drug discovery,https://example.com/article-31,2026-01-28T04:40:22Z,This innovative development represents a significant advancement in artificial intelligence. Experts are optimistic about the potential applications. AI breakthrough enables faster drug discovery [+2000 chars]
MIT Technology Review,Unknown,Conference highlights latest developments in AI - Study 32,"According to the latest report, this development in AI and machine learning is being closely monitored by industry observers. Conference highlights latest developments in AI",https://example.com/article-32,2026-01-27T04:40:22Z,"According to the latest report, this development in AI and machine learning is being closely monitored by industry observers. Conference highlights latest developments in AI [+2000 chars]"
The Verge,John Smith,Machine learning model achieves human-level performance - Study 33,This innovative development represents a significant advancement in artificial intelligence. Experts are optimistic about the potential applications. Machine learning model achieves human-level performance,https://example.com/article-33,2026-01-28T04:40:22Z,This innovative development represents a significant advancement in artificial intelligence. Experts are optimistic about the potential applications. Machine learning model achieves human-level performance [+2000 chars]
MIT Technology Review,Sarah Johnson,Critics warn of job losses due to AI automation - Study 34,Recent developments raise important questions about the implementation of AI technology. Stakeholders express concerns about potential risks. Critics warn of job losses due to AI automation,https://example.com/article-34,2026-01-22T04:40:22Z,Recent developments raise important questions about the implementation of AI technology. Stakeholders express concerns about potential risks. Critics warn of job losses due to AI automation [+2000 chars]
TechCrunch,David Brown,Study examines impact of automation on workforce - Study 35,"According to the latest report, this development in AI and machine learning is being closely monitored by industry observers. Study examines impact of automation on workforce",https://example.com/article-35,2026-01-28T04:40:22Z,"According to the latest report, this development in AI and machine learning is being closely monitored by industry observers. Study examines impact of automation on workforce [+2000 chars]"
Wired,Lisa Garcia,Artificial intelligence boosts renewable energy efficiency - Study 36,This innovative development represents a significant advancement in artificial intelligence. Experts are optimistic about the potential applications. Artificial intelligence boosts renewable energy efficiency,https://example.com/article-36,2026-01-25T04:40:22Z,This innovative development represents a significant advancement in artificial intelligence. Experts are optimistic about the potential applications. Artificial intelligence boosts renewable energy efficiency [+2000 chars]
VentureBeat,Emma Williams,Conference highlights latest developments in AI - Study 37,"According to the latest report, this development in AI and machine learning is being closely monitored by industry observers. Conference highlights latest developments in AI",https://example.com/article-37,2026-01-23T04:40:22Z,"According to the latest report, this development in AI and machine learning is being closely monitored by industry observers. Conference highlights latest developments in AI [+2000 chars]"
Ars Technica,Michael Chen,Conference highlights latest developments in AI - Study 38,"According to the latest report, this development in AI and machine learning is being closely monitored by industry observers. Conference highlights latest developments in AI",https://example.com/article-38,2026-01-26T04:40:22Z,"According to the latest report, this development in AI and machine learning is being closely monitored by industry observers. Conference highlights latest developments in AI [+2000 chars]"
AI News,Sarah Johnson,Machine learning model achieves human-level performance - Study 39,This innovative development represents a significant advancement in artificial intelligence. Experts are optimistic about the potential applications. Machine learning model achieves human-level performance,https://example.com/article-39,2026-01-25T04:40:22Z,This innovative development represents a significant advancement in artificial intelligence. Experts are optimistic about the potential applications. Machine learning model achieves human-level performance [+2000 chars]
AI News,John Smith,AI system shows bias in hiring recommendations - Study 40,Recent developments raise important questions about the implementation of AI technology. Stakeholders express concerns about potential risks. AI system shows bias in hiring recommendations,https://example.com/article-40,2026-01-28T04:40:22Z,Recent developments raise important questions about the implementation of AI technology. Stakeholders express concerns about potential risks. AI system shows bias in hiring recommendations [+2000 chars]
Ars Technica,Sarah Johnson,Artificial intelligence boosts renewable energy efficiency - Study 41,This innovative development represents a significant advancement in artificial intelligence. Experts are optimistic about the potential applications. Artificial intelligence boosts renewable energy efficiency,https://example.com/article-41,2026-01-22T04:40:22Z,This innovative development represents a significant advancement in artificial intelligence. Experts are optimistic about the potential applications. Artificial intelligence boosts renewable energy efficiency [+2000 chars]
TechCrunch,Lisa Garcia,Artificial intelligence boosts renewable energy efficiency - Study 42,This innovative development represents a significant advancement in artificial intelligence. Experts are optimistic about the potential applications. Artificial intelligence boosts renewable energy efficiency,https://example.com/article-42,2026-01-25T04:40:22Z,This innovative development represents a significant advancement in artificial intelligence. Experts are optimistic about the potential applications. Artificial intelligence boosts renewable energy efficiency [+2000 chars]
MIT Technology Review,John Smith,AI breakthrough enables faster drug discovery - Study 43,This innovative development represents a significant advancement in artificial intelligence. Experts are optimistic about the potential applications. AI breakthrough enables faster drug discovery,https://example.com/article-43,2026-01-25T04:40:22Z,This innovative development represents a significant advancement in artificial intelligence. Experts are optimistic about the potential applications. AI breakthrough enables faster drug discovery [+2000 chars]
Forbes Tech,David Brown,Artificial intelligence boosts renewable energy efficiency - Study 44,This innovative development represents a significant advancement in artificial intelligence. Experts are optimistic about the potential applications. Artificial intelligence boosts renewable energy efficiency,https://example.com/article-44,2026-01-22T04:40:22Z,This innovative development represents a significant advancement in artificial intelligence. Experts are optimistic about the potential applications. Artificial intelligence boosts renewable energy efficiency [+2000 chars]
VentureBeat,John Smith,New AI system helps doctors diagnose diseases earlier - Study 45,This innovative development represents a significant advancement in artificial intelligence. Experts are optimistic about the potential applications. New AI system helps doctors diagnose diseases earlier,https://example.com/article-45,2026-01-22T04:40:22Z,This innovative development represents a significant advancement in artificial intelligence. Experts are optimistic about the potential applications. New AI system helps doctors diagnose diseases earlier [+2000 chars]
Forbes Tech,Lisa Garcia,New AI system helps doctors diagnose diseases earlier - Study 46,This innovative development represents a significant advancement in artificial intelligence. Experts are optimistic about the potential applications. New AI system helps doctors diagnose diseases earlier,https://example.com/article-46,2026-01-27T04:40:22Z,This innovative development represents a significant advancement in artificial intelligence. Experts are optimistic about the potential applications. New AI system helps doctors diagnose diseases earlier [+2000 chars]
VentureBeat,James Wilson,Machine learning model fails safety tests - Study 47,Recent developments raise important questions about the implementation of AI technology. Stakeholders express concerns about potential risks. Machine learning model fails safety tests,https://example.com/article-47,2026-01-25T04:40:22Z,Recent developments raise important questions about the implementation of AI technology. Stakeholders express concerns about potential risks. Machine learning model fails safety tests [+2000 chars]
MIT Technology Review,John Smith,ML algorithm predicts climate patterns with high accuracy - Study 48,This innovative development represents a significant advancement in artificial intelligence. Experts are optimistic about the potential applications. ML algorithm predicts climate patterns with high accuracy,https://example.com/article-48,2026-01-25T04:40:22Z,This innovative development represents a significant advancement in artificial intelligence. Experts are optimistic about the potential applications. ML algorithm predicts climate patterns with high accuracy [+2000 chars]
TechCrunch,Unknown,ML algorithm predicts climate patterns with high accuracy - Study 49,This innovative development represents a significant advancement in artificial intelligence. Experts are optimistic about the potential applications. ML algorithm predicts climate patterns with high accuracy,https://example.com/article-49,2026-01-27T04:40:22Z,This innovative development represents a significant advancement in artificial intelligence. Experts are optimistic about the potential applications. ML algorithm predicts climate patterns with high accuracy [+2000 chars]
MIT Technology Review,Sarah Johnson,New AI system helps doctors diagnose diseases earlier - Study 50,This innovative development represents a significant advancement in artificial intelligence. Experts are optimistic about the potential applications. New AI system helps doctors diagnose diseases earlier,https://example.com/article-50,2026-01-26T04:40:22Z,This innovative development represents a significant advancement in artificial intelligence. Experts are optimistic about the potential applications. New AI system helps doctors diagnose diseases earlier [+2000 chars]
